"","X","team_1","year","match_type","gender","n.x","n.y","n"
"1",1,"Afghanistan",2009,"ODI","male",1,NA,1
"2",2,"Afghanistan",2010,"T20","male",2,NA,2
"3",3,"Afghanistan",2012,"T20","male",3,NA,3
"4",4,"Afghanistan",2013,"T20","male",2,NA,2
"5",5,"Afghanistan",2014,"ODI","male",4,6,10
"6",6,"Afghanistan",2014,"T20","male",2,1,3
"7",7,"Afghanistan",2015,"ODI","male",5,5,10
"8",8,"Afghanistan",2015,"T20","male",6,3,9
"9",9,"Afghanistan",2016,"T20","male",10,2,12
"10",10,"Afghanistan",2017,"ODI","male",5,2,7
"11",11,"Afghanistan",2017,"T20","male",4,4,8
"12",12,"Afghanistan",2018,"ODI","male",5,4,9
"13",13,"Afghanistan",2018,"T20","male",4,1,5
"14",14,"Afghanistan",2019,"ODI","male",16,4,20
"15",15,"Afghanistan",2019,"T20","male",8,2,10
"16",16,"Afghanistan",2019,"Test","male",2,1,3
"17",17,"Afghanistan",2020,"T20","male",3,NA,3
"18",18,"Afghanistan",2021,"ODI","male",2,1,3
"19",19,"Afghanistan",2021,"T20","male",7,1,8
"20",20,"Afghanistan",2021,"Test","male",2,NA,2
"21",21,"Afghanistan",2022,"ODI","male",8,4,12
"22",22,"Afghanistan",2022,"T20","male",11,7,18
"23",23,"Afghanistan",2023,"ODI","male",9,11,20
"24",24,"Afghanistan",2023,"T20","male",6,7,13
"25",25,"Africa XI",2005,"ODI","male",2,NA,2
"26",26,"Africa XI",2007,"ODI","male",3,NA,3
"27",27,"Argentina",2021,"T20","female",1,NA,1
"28",28,"Argentina",2021,"T20","male",3,1,4
"29",29,"Argentina",2023,"T20","female",1,5,6
"30",30,"Argentina",2023,"T20","male",3,3,6
"31",31,"Australia",2002,"Test","male",1,NA,1
"32",32,"Australia",2003,"ODI","male",13,14,27
"33",33,"Australia",2003,"Test","female",1,NA,1
"34",34,"Australia",2003,"Test","male",3,3,6
"35",35,"Australia",2004,"ODI","male",13,9,22
"36",36,"Australia",2004,"Test","male",4,3,7
"37",37,"Australia",2005,"ODI","male",9,6,15
"38",38,"Australia",2005,"Test","female",1,NA,1
"39",39,"Australia",2005,"Test","male",2,2,4
"40",40,"Australia",2006,"ODI","male",13,8,21
"41",41,"Australia",2006,"T20","male",1,1,2
"42",42,"Australia",2006,"Test","male",3,3,6
"43",43,"Australia",2007,"ODI","male",14,11,25
"44",44,"Australia",2007,"T20","male",7,1,8
"45",45,"Australia",2007,"Test","male",2,NA,2
"46",46,"Australia",2008,"ODI","male",6,5,11
"47",47,"Australia",2008,"Test","female",1,NA,1
"48",48,"Australia",2008,"Test","male",3,7,10
"49",49,"Australia",2009,"ODI","male",12,18,30
"50",50,"Australia",2009,"T20","male",3,3,6
"51",51,"Australia",2009,"Test","female",1,NA,1
"52",52,"Australia",2009,"Test","male",2,8,10
"53",53,"Australia",2010,"ODI","male",5,12,17
"54",54,"Australia",2010,"T20","female",2,1,3
"55",55,"Australia",2010,"T20","male",10,3,13
"56",56,"Australia",2010,"Test","male",5,4,9
"57",57,"Australia",2011,"ODI","male",8,12,20
"58",58,"Australia",2011,"Test","male",2,3,5
"59",59,"Australia",2012,"ODI","female",2,NA,2
"60",60,"Australia",2012,"ODI","male",5,10,15
"61",61,"Australia",2012,"T20","female",2,NA,2
"62",62,"Australia",2012,"T20","male",7,2,9
"63",63,"Australia",2012,"Test","male",4,3,7
"64",64,"Australia",2013,"ODI","female",3,3,6
"65",65,"Australia",2013,"ODI","male",7,11,18
"66",66,"Australia",2013,"T20","male",2,3,5
"67",67,"Australia",2013,"Test","male",2,9,11
"68",68,"Australia",2014,"ODI","female",7,NA,7
"69",69,"Australia",2014,"ODI","male",6,NA,6
"70",70,"Australia",2014,"T20","female",8,NA,8
"71",71,"Australia",2014,"T20","male",6,3,9
"72",72,"Australia",2014,"Test","male",2,3,5
"73",73,"Australia",2015,"ODI","male",4,7,11
"74",74,"Australia",2015,"Test","male",3,7,10
"75",75,"Australia",2016,"ODI","female",4,3,7
"76",76,"Australia",2016,"ODI","male",8,14,22
"77",77,"Australia",2016,"T20","female",6,1,7
"78",78,"Australia",2016,"T20","male",3,5,8
"79",79,"Australia",2016,"Test","male",3,3,6
"80",80,"Australia",2017,"ODI","female",7,6,13
"81",81,"Australia",2017,"ODI","male",7,5,12
"82",82,"Australia",2017,"T20","female",2,2,4
"83",83,"Australia",2017,"T20","male",2,1,3
"84",84,"Australia",2018,"ODI","female",3,2,5
"85",85,"Australia",2018,"ODI","male",4,3,7
"86",86,"Australia",2018,"T20","female",7,10,17
"87",87,"Australia",2018,"T20","male",1,6,7
"88",88,"Australia",2018,"Test","male",3,3,6
"89",89,"Australia",2019,"ODI","female",7,4,11
"90",90,"Australia",2019,"ODI","male",16,7,23
"91",91,"Australia",2019,"T20","female",3,6,9
"92",92,"Australia",2019,"T20","male",6,2,8
"93",93,"Australia",2019,"Test","male",7,5,12
"94",94,"Australia",2020,"ODI","female",1,2,3
"95",95,"Australia",2020,"ODI","male",2,9,11
"96",96,"Australia",2020,"T20","female",13,1,14
"97",97,"Australia",2020,"T20","male",3,6,9
"98",98,"Australia",2020,"Test","male",2,1,3
"99",99,"Australia",2021,"ODI","female",3,3,6
"100",100,"Australia",2021,"ODI","male",2,1,3
"101",101,"Australia",2021,"T20","female",3,3,6
"102",102,"Australia",2021,"T20","male",7,15,22
"103",103,"Australia",2021,"Test","male",3,2,5
"104",104,"Australia",2022,"ODI","female",5,7,12
"105",105,"Australia",2022,"ODI","male",9,8,17
"106",106,"Australia",2022,"T20","female",7,9,16
"107",107,"Australia",2022,"T20","male",9,12,21
"108",108,"Australia",2022,"Test","female",1,NA,1
"109",109,"Australia",2022,"Test","male",7,4,11
"110",110,"Australia",2023,"ODI","female",5,8,13
"111",111,"Australia",2023,"ODI","male",10,12,22
"112",112,"Australia",2023,"T20","female",6,8,14
"113",113,"Australia",2023,"T20","male",2,6,8
"114",114,"Australia",2023,"Test","female",2,NA,2
"115",115,"Australia",2023,"Test","male",10,3,13
"116",116,"Austria",2020,"T20","female",1,4,5
"117",117,"Austria",2021,"T20","male",2,1,3
"118",118,"Austria",2022,"T20","male",7,5,12
"119",119,"Austria",2023,"T20","male",5,2,7
"120",120,"Bahamas",2021,"T20","male",2,2,4
"121",121,"Bahamas",2023,"T20","male",1,3,4
"122",122,"Bahrain",2020,"T20","male",1,1,2
"123",123,"Bahrain",2021,"T20","male",2,1,3
"124",124,"Bahrain",2022,"T20","female",4,4,8
"125",125,"Bahrain",2022,"T20","male",10,10,20
"126",126,"Bahrain",2023,"T20","female",1,3,4
"127",127,"Bahrain",2023,"T20","male",8,5,13
"128",128,"Bangladesh",2003,"ODI","male",8,6,14
"129",129,"Bangladesh",2003,"Test","male",3,1,4
"130",130,"Bangladesh",2004,"ODI","male",4,6,10
"131",131,"Bangladesh",2004,"Test","male",1,1,2
"132",132,"Bangladesh",2005,"ODI","male",4,4,8
"133",133,"Bangladesh",2005,"Test","male",2,1,3
"134",134,"Bangladesh",2006,"ODI","male",11,3,14
"135",135,"Bangladesh",2006,"Test","male",3,NA,3
"136",136,"Bangladesh",2007,"ODI","male",9,7,16
"137",137,"Bangladesh",2007,"T20","male",4,3,7
"138",138,"Bangladesh",2007,"Test","male",3,2,5
"139",139,"Bangladesh",2008,"ODI","male",8,9,17
"140",140,"Bangladesh",2008,"Test","male",2,4,6
"141",141,"Bangladesh",2009,"ODI","male",8,8,16
"142",142,"Bangladesh",2009,"T20","male",2,1,3
"143",143,"Bangladesh",2010,"ODI","male",15,7,22
"144",144,"Bangladesh",2010,"T20","male",1,2,3
"145",145,"Bangladesh",2010,"Test","male",4,3,7
"146",146,"Bangladesh",2011,"ODI","male",15,2,17
"147",147,"Bangladesh",2011,"T20","male",2,NA,2
"148",148,"Bangladesh",2011,"Test","male",4,NA,4
"149",149,"Bangladesh",2012,"ODI","male",9,NA,9
"150",150,"Bangladesh",2012,"T20","male",1,3,4
"151",151,"Bangladesh",2012,"Test","male",2,NA,2
"152",152,"Bangladesh",2013,"ODI","male",3,5,8
"153",153,"Bangladesh",2013,"T20","male",1,2,3
"154",154,"Bangladesh",2013,"Test","male",2,1,3
"155",155,"Bangladesh",2014,"ODI","male",15,3,18
"156",156,"Bangladesh",2014,"T20","male",9,1,10
"157",157,"Bangladesh",2014,"Test","male",5,2,7
"158",158,"Bangladesh",2015,"ODI","male",13,2,15
"159",159,"Bangladesh",2015,"T20","female",1,2,3
"160",160,"Bangladesh",2015,"T20","male",5,NA,5
"161",161,"Bangladesh",2015,"Test","male",5,NA,5
"162",162,"Bangladesh",2016,"ODI","male",6,3,9
"163",163,"Bangladesh",2016,"T20","female",3,2,5
"164",164,"Bangladesh",2016,"T20","male",13,3,16
"165",165,"Bangladesh",2016,"Test","male",2,NA,2
"166",166,"Bangladesh",2017,"ODI","female",5,1,6
"167",167,"Bangladesh",2017,"ODI","male",5,7,12
"168",168,"Bangladesh",2017,"Test","male",2,6,8
"169",169,"Bangladesh",2018,"ODI","female",3,2,5
"170",170,"Bangladesh",2018,"ODI","male",11,6,17
"171",171,"Bangladesh",2018,"T20","female",5,14,19
"172",172,"Bangladesh",2018,"T20","male",10,5,15
"173",173,"Bangladesh",2018,"Test","male",5,2,7
"174",174,"Bangladesh",2019,"ODI","male",8,10,18
"175",175,"Bangladesh",2019,"T20","female",5,3,8
"176",176,"Bangladesh",2019,"T20","male",4,3,7
"177",177,"Bangladesh",2019,"Test","male",1,4,5
"178",178,"Bangladesh",2020,"ODI","male",3,NA,3
"179",179,"Bangladesh",2020,"T20","female",3,1,4
"180",180,"Bangladesh",2020,"T20","male",2,2,4
"181",181,"Bangladesh",2020,"Test","male",1,1,2
"182",182,"Bangladesh",2021,"ODI","male",6,6,12
"183",183,"Bangladesh",2021,"T20","male",14,13,27
"184",184,"Bangladesh",2021,"Test","male",3,4,7
"185",185,"Bangladesh",2022,"ODI","female",5,5,10
"186",186,"Bangladesh",2022,"ODI","male",8,7,15
"187",187,"Bangladesh",2022,"T20","female",7,10,17
"188",188,"Bangladesh",2022,"T20","male",13,8,21
"189",189,"Bangladesh",2022,"Test","male",4,6,10
"190",190,"Bangladesh",2023,"ODI","female",6,5,11
"191",191,"Bangladesh",2023,"ODI","male",17,15,32
"192",192,"Bangladesh",2023,"T20","female",10,8,18
"193",193,"Bangladesh",2023,"T20","male",7,7,14
"194",194,"Bangladesh",2023,"Test","male",3,1,4
"195",195,"Barbados",2022,"T20","female",2,1,3
"196",196,"Belgium",2020,"T20","male",3,NA,3
"197",197,"Belgium",2021,"T20","male",3,2,5
"198",198,"Belgium",2022,"T20","male",2,3,5
"199",199,"Belgium",2023,"T20","male",2,NA,2
"200",200,"Belize",2021,"T20","male",3,2,5
"201",201,"Bermuda",2006,"ODI","male",3,NA,3
"202",202,"Bermuda",2007,"ODI","male",4,4,8
"203",203,"Bermuda",2008,"T20","male",1,NA,1
"204",204,"Bermuda",2019,"T20","male",10,1,11
"205",205,"Bermuda",2021,"T20","male",1,2,3
"206",206,"Bermuda",2023,"T20","male",6,5,11
"207",207,"Bhutan",2019,"T20","male",1,1,2
"208",208,"Bhutan",2021,"T20","female",2,3,5
"209",209,"Bhutan",2022,"T20","female",2,2,4
"210",210,"Bhutan",2022,"T20","male",4,2,6
"211",211,"Bhutan",2023,"T20","female",3,1,4
"212",212,"Bhutan",2023,"T20","male",3,1,4
"213",213,"Botswana",2018,"T20","female",3,1,4
"214",214,"Botswana",2019,"T20","male",2,5,7
"215",215,"Botswana",2021,"T20","female",5,1,6
"216",216,"Botswana",2021,"T20","male",2,2,4
"217",217,"Botswana",2022,"T20","female",2,1,3
"218",218,"Botswana",2022,"T20","male",7,2,9
"219",219,"Botswana",2023,"T20","female",6,2,8
"220",220,"Botswana",2023,"T20","male",5,2,7
"221",221,"Brazil",2022,"T20","female",2,2,4
"222",222,"Brazil",2023,"T20","female",2,4,6
"223",223,"Bulgaria",2021,"T20","male",4,2,6
"224",224,"Bulgaria",2022,"T20","male",6,11,17
"225",225,"Bulgaria",2023,"T20","male",1,2,3
"226",226,"Cambodia",2023,"T20","female",3,1,4
"227",227,"Cambodia",2023,"T20","male",3,3,6
"228",228,"Cameroon",2021,"T20","female",1,NA,1
"229",229,"Cameroon",2021,"T20","male",2,2,4
"230",230,"Cameroon",2022,"T20","male",4,2,6
"231",231,"Cameroon",2023,"T20","female",4,1,5
"232",232,"Canada",2003,"ODI","male",5,1,6
"233",233,"Canada",2006,"ODI","male",1,2,3
"234",234,"Canada",2007,"ODI","male",2,4,6
"235",235,"Canada",2008,"ODI","male",1,NA,1
"236",236,"Canada",2009,"ODI","male",2,NA,2
"237",237,"Canada",2010,"ODI","male",2,NA,2
"238",238,"Canada",2011,"ODI","male",4,4,8
"239",239,"Canada",2013,"ODI","male",3,NA,3
"240",240,"Canada",2013,"T20","male",3,NA,3
"241",241,"Canada",2014,"ODI","male",1,1,2
"242",242,"Canada",2019,"T20","male",9,2,11
"243",243,"Canada",2021,"T20","female",2,NA,2
"244",244,"Canada",2021,"T20","male",3,1,4
"245",245,"Canada",2022,"T20","male",7,5,12
"246",246,"Canada",2023,"ODI","male",3,1,4
"247",247,"Canada",2023,"T20","female",4,2,6
"248",248,"Canada",2023,"T20","male",4,1,5
"249",249,"Cayman Islands",2019,"T20","male",2,4,6
"250",250,"Cayman Islands",2023,"T20","male",2,6,8
"251",251,"China",2019,"T20","female",7,2,9
"252",252,"China",2023,"T20","female",2,2,4
"253",253,"China",2023,"T20","male",2,2,4
"254",254,"Cook Islands",2022,"T20","male",1,4,5
"255",255,"Cook Islands",2023,"T20","female",1,4,5
"256",256,"Croatia",2022,"T20","male",3,2,5
"257",257,"Croatia",2023,"T20","male",4,1,5
"258",258,"Cyprus",2021,"T20","male",3,2,5
"259",259,"Cyprus",2022,"T20","male",4,1,5
"260",260,"Czech Republic",2021,"T20","male",2,4,6
"261",261,"Czech Republic",2022,"T20","male",6,8,14
"262",262,"Czech Republic",2023,"T20","male",1,1,2
"263",263,"Denmark",2019,"T20","male",4,2,6
"264",264,"Denmark",2021,"T20","male",4,4,8
"265",265,"Denmark",2022,"T20","male",5,2,7
"266",266,"Denmark",2023,"T20","female",2,NA,2
"267",267,"Denmark",2023,"T20","male",4,6,10
"268",268,"England",2003,"ODI","male",11,13,24
"269",269,"England",2003,"Test","male",4,4,8
"270",270,"England",2004,"ODI","male",10,6,16
"271",271,"England",2004,"Test","male",2,1,3
"272",272,"England",2005,"ODI","male",5,10,15
"273",273,"England",2005,"T20","male",1,NA,1
"274",274,"England",2006,"ODI","male",11,8,19
"275",275,"England",2006,"T20","male",2,NA,2
"276",276,"England",2006,"Test","female",1,NA,1
"277",277,"England",2006,"Test","male",6,5,11
"278",278,"England",2007,"ODI","male",18,7,25
"279",279,"England",2007,"T20","male",5,2,7
"280",280,"England",2007,"Test","male",6,3,9
"281",281,"England",2008,"ODI","male",10,10,20
"282",282,"England",2008,"T20","male",1,2,3
"283",283,"England",2008,"Test","male",7,5,12
"284",284,"England",2009,"ODI","female",2,NA,2
"285",285,"England",2009,"ODI","male",11,11,22
"286",286,"England",2009,"T20","female",2,NA,2
"287",287,"England",2009,"T20","male",6,3,9
"288",288,"England",2009,"Test","male",7,7,14
"289",289,"England",2010,"ODI","male",13,3,16
"290",290,"England",2010,"T20","male",7,2,9
"291",291,"England",2010,"Test","male",6,6,12
"292",292,"England",2011,"ODI","male",14,12,26
"293",293,"England",2011,"T20","female",1,1,2
"294",294,"England",2011,"T20","male",4,1,5
"295",295,"England",2011,"Test","female",1,NA,1
"296",296,"England",2011,"Test","male",7,NA,7
"297",297,"England",2012,"ODI","female",4,NA,4
"298",298,"England",2012,"ODI","male",13,NA,13
"299",299,"England",2012,"T20","female",9,4,13
"300",300,"England",2012,"T20","male",6,3,9
"301",301,"England",2012,"Test","male",7,5,12
"302",302,"England",2013,"ODI","female",7,2,9
"303",303,"England",2013,"ODI","male",12,9,21
"304",304,"England",2013,"T20","female",5,NA,5
"305",305,"England",2013,"T20","male",4,3,7
"306",306,"England",2013,"Test","female",1,NA,1
"307",307,"England",2013,"Test","male",7,5,12
"308",308,"England",2014,"ODI","female",2,1,3
"309",309,"England",2014,"ODI","male",9,11,20
"310",310,"England",2014,"T20","female",4,2,6
"311",311,"England",2014,"T20","male",6,5,11
"312",312,"England",2014,"Test","female",1,NA,1
"313",313,"England",2014,"Test","male",7,NA,7
"314",314,"England",2015,"ODI","female",3,NA,3
"315",315,"England",2015,"ODI","male",16,4,20
"316",316,"England",2015,"T20","female",3,NA,3
"317",317,"England",2015,"T20","male",2,NA,2
"318",318,"England",2015,"Test","female",1,NA,1
"319",319,"England",2015,"Test","male",8,4,12
"320",320,"England",2016,"ODI","female",3,4,7
"321",321,"England",2016,"ODI","male",10,8,18
"322",322,"England",2016,"T20","female",5,5,10
"323",323,"England",2016,"T20","male",7,3,10
"324",324,"England",2016,"Test","male",7,10,17
"325",325,"England",2017,"ODI","female",9,2,11
"326",326,"England",2017,"ODI","male",11,9,20
"327",327,"England",2017,"T20","female",2,1,3
"328",328,"England",2017,"T20","male",3,4,7
"329",329,"England",2017,"Test","female",1,NA,1
"330",330,"England",2017,"Test","male",7,2,9
"331",331,"England",2018,"ODI","female",6,2,8
"332",332,"England",2018,"ODI","male",7,8,15
"333",333,"England",2018,"T20","female",7,8,15
"334",334,"England",2018,"T20","male",6,2,8
"335",335,"England",2018,"Test","male",7,3,10
"336",336,"England",2019,"ODI","female",9,6,15
"337",337,"England",2019,"ODI","male",15,6,21
"338",338,"England",2019,"T20","female",7,6,13
"339",339,"England",2019,"T20","male",1,8,9
"340",340,"England",2019,"Test","female",1,NA,1
"341",341,"England",2019,"Test","male",6,6,12
"342",342,"England",2020,"ODI","male",3,6,9
"343",343,"England",2020,"T20","female",10,3,13
"344",344,"England",2020,"T20","male",3,9,12
"345",345,"England",2020,"Test","male",4,5,9
"346",346,"England",2021,"ODI","female",6,5,11
"347",347,"England",2021,"ODI","male",1,8,9
"348",348,"England",2021,"T20","female",4,5,9
"349",349,"England",2021,"T20","male",5,12,17
"350",350,"England",2021,"Test","female",1,NA,1
"351",351,"England",2021,"Test","male",7,8,15
"352",352,"England",2022,"ODI","female",11,10,21
"353",353,"England",2022,"ODI","male",6,6,12
"354",354,"England",2022,"T20","female",9,9,18
"355",355,"England",2022,"T20","male",12,15,27
"356",356,"England",2022,"Test","male",6,9,15
"357",357,"England",2023,"ODI","female",2,4,6
"358",358,"England",2023,"ODI","male",16,8,24
"359",359,"England",2023,"T20","female",9,5,14
"360",360,"England",2023,"T20","male",7,5,12
"361",361,"England",2023,"Test","male",4,4,8
"362",362,"Estonia",2021,"T20","male",4,1,5
"363",363,"Estonia",2022,"T20","male",1,2,3
"364",364,"Estonia",2023,"T20","male",1,1,2
"365",365,"Eswatini",2021,"T20","female",1,4,5
"366",366,"Eswatini",2022,"T20","male",1,4,5
"367",367,"Fiji",2019,"T20","female",3,NA,3
"368",368,"Fiji",2022,"T20","male",2,3,5
"369",369,"Fiji",2023,"T20","female",4,NA,4
"370",370,"Finland",2021,"T20","male",2,2,4
"371",371,"Finland",2022,"T20","male",4,4,8
"372",372,"Finland",2023,"T20","male",2,2,4
"373",373,"France",2021,"T20","female",6,1,7
"374",374,"France",2021,"T20","male",1,3,4
"375",375,"France",2022,"T20","male",3,1,4
"376",376,"France",2023,"T20","female",8,2,10
"377",377,"France",2023,"T20","male",7,2,9
"378",378,"Gambia",2022,"T20","male",4,2,6
"379",379,"Germany",2019,"T20","female",2,NA,2
"380",380,"Germany",2019,"T20","male",3,2,5
"381",381,"Germany",2020,"T20","female",4,5,9
"382",382,"Germany",2021,"T20","female",3,4,7
"383",383,"Germany",2021,"T20","male",5,9,14
"384",384,"Germany",2022,"T20","female",1,2,3
"385",385,"Germany",2022,"T20","male",6,7,13
"386",386,"Germany",2023,"T20","female",1,3,4
"387",387,"Germany",2023,"T20","male",2,10,12
"388",388,"Ghana",2019,"T20","male",3,1,4
"389",389,"Ghana",2021,"T20","male",2,7,9
"390",390,"Ghana",2022,"T20","male",7,1,8
"391",391,"Ghana",2023,"T20","male",4,5,9
"392",392,"Gibraltar",2019,"T20","male",1,2,3
"393",393,"Gibraltar",2021,"T20","male",3,3,6
"394",394,"Gibraltar",2022,"T20","male",7,3,10
"395",395,"Gibraltar",2023,"T20","male",9,6,15
"396",396,"Greece",2021,"T20","male",1,2,3
"397",397,"Greece",2023,"T20","female",3,1,4
"398",398,"Guernsey",2019,"T20","male",5,NA,5
"399",399,"Guernsey",2022,"T20","male",5,5,10
"400",400,"Guernsey",2023,"T20","male",2,1,3
"401",401,"Hong Kong",2008,"ODI","male",1,1,2
"402",402,"Hong Kong",2014,"ODI","male",1,NA,1
"403",403,"Hong Kong",2014,"T20","male",2,2,4
"404",404,"Hong Kong",2015,"T20","male",5,2,7
"405",405,"Hong Kong",2016,"ODI","male",3,2,5
"406",406,"Hong Kong",2016,"T20","male",6,3,9
"407",407,"Hong Kong",2017,"ODI","male",2,NA,2
"408",408,"Hong Kong",2017,"T20","male",2,NA,2
"409",409,"Hong Kong",2019,"T20","female",4,4,8
"410",410,"Hong Kong",2019,"T20","male",8,2,10
"411",411,"Hong Kong",2020,"T20","male",3,6,9
"412",412,"Hong Kong",2021,"T20","female",2,2,4
"413",413,"Hong Kong",2022,"T20","female",6,7,13
"414",414,"Hong Kong",2022,"T20","male",3,7,10
"415",415,"Hong Kong",2023,"T20","female",4,13,17
"416",416,"Hong Kong",2023,"T20","male",8,7,15
"417",417,"Hungary",2021,"T20","male",1,3,4
"418",418,"Hungary",2022,"T20","male",4,5,9
"419",419,"Hungary",2023,"T20","male",2,2,4
"420",420,"India",2003,"ODI","male",15,6,21
"421",421,"India",2004,"ODI","male",14,9,23
"422",422,"India",2004,"Test","male",2,5,7
"423",423,"India",2005,"ODI","male",6,6,12
"424",424,"India",2005,"Test","male",1,1,2
"425",425,"India",2006,"ODI","male",12,14,26
"426",426,"India",2006,"Test","male",4,6,10
"427",427,"India",2007,"ODI","male",22,13,35
"428",428,"India",2007,"T20","male",4,3,7
"429",429,"India",2007,"Test","male",6,3,9
"430",430,"India",2008,"ODI","female",1,1,2
"431",431,"India",2008,"ODI","male",11,10,21
"432",432,"India",2008,"Test","male",9,3,12
"433",433,"India",2009,"ODI","male",14,16,30
"434",434,"India",2009,"T20","female",1,NA,1
"435",435,"India",2009,"T20","male",5,5,10
"436",436,"India",2009,"Test","male",3,3,6
"437",437,"India",2010,"ODI","male",13,3,16
"438",438,"India",2010,"T20","male",2,3,5
"439",439,"India",2010,"Test","male",7,6,13
"440",440,"India",2011,"ODI","male",18,16,34
"441",441,"India",2011,"T20","male",1,3,4
"442",442,"India",2011,"Test","male",3,8,11
"443",443,"India",2012,"ODI","male",6,6,12
"444",444,"India",2012,"T20","male",7,5,12
"445",445,"India",2012,"Test","male",6,1,7
"446",446,"India",2013,"ODI","female",3,NA,3
"447",447,"India",2013,"ODI","male",23,8,31
"448",448,"India",2013,"T20","male",1,NA,1
"449",449,"India",2013,"Test","male",6,2,8
"450",450,"India",2014,"ODI","male",10,14,24
"451",451,"India",2014,"T20","male",4,3,7
"452",452,"India",2015,"ODI","female",2,NA,2
"453",453,"India",2015,"ODI","male",9,5,14
"454",454,"India",2015,"T20","male",2,NA,2
"455",455,"India",2015,"Test","male",4,3,7
"456",456,"India",2016,"ODI","male",5,3,8
"457",457,"India",2016,"T20","female",5,NA,5
"458",458,"India",2016,"T20","male",14,1,15
"459",459,"India",2016,"Test","male",8,4,12
"460",460,"India",2017,"ODI","female",11,8,19
"461",461,"India",2017,"ODI","male",14,12,26
"462",462,"India",2017,"T20","male",8,5,13
"463",463,"India",2017,"Test","male",8,1,9
"464",464,"India",2018,"ODI","female",5,2,7
"465",465,"India",2018,"ODI","male",6,8,14
"466",466,"India",2018,"T20","female",13,9,22
"467",467,"India",2018,"T20","male",9,8,17
"468",468,"India",2018,"Test","male",5,7,12
"469",469,"India",2019,"ODI","female",6,5,11
"470",470,"India",2019,"ODI","male",13,15,28
"471",471,"India",2019,"T20","female",7,8,15
"472",472,"India",2019,"T20","male",12,4,16
"473",473,"India",2019,"Test","male",5,3,8
"474",474,"India",2020,"ODI","male",4,3,7
"475",475,"India",2020,"T20","female",2,8,10
"476",476,"India",2020,"T20","male",3,7,10
"477",477,"India",2020,"Test","male",1,3,4
"478",478,"India",2021,"ODI","female",8,3,11
"479",479,"India",2021,"ODI","male",4,2,6
"480",480,"India",2021,"T20","female",6,3,9
"481",481,"India",2021,"T20","male",11,5,16
"482",482,"India",2021,"Test","female",1,1,2
"483",483,"India",2021,"Test","male",8,6,14
"484",484,"India",2022,"ODI","female",11,7,18
"485",485,"India",2022,"ODI","male",11,13,24
"486",486,"India",2022,"T20","female",13,12,25
"487",487,"India",2022,"T20","male",27,13,40
"488",488,"India",2022,"Test","male",6,1,7
"489",489,"India",2023,"ODI","female",2,3,5
"490",490,"India",2023,"ODI","male",19,16,35
"491",491,"India",2023,"T20","female",10,9,19
"492",492,"India",2023,"T20","male",13,10,23
"493",493,"India",2023,"Test","female",1,1,2
"494",494,"India",2023,"Test","male",3,5,8
"495",495,"Indonesia",2019,"T20","female",2,1,3
"496",496,"Indonesia",2022,"T20","male",2,4,6
"497",497,"Indonesia",2023,"T20","female",1,4,5
"498",498,"Indonesia",2023,"T20","male",6,6,12
"499",499,"Iran",2020,"T20","male",1,NA,1
"500",500,"Ireland",2006,"ODI","male",1,NA,1
"501",501,"Ireland",2007,"ODI","male",8,4,12
"502",502,"Ireland",2008,"ODI","male",3,NA,3
"503",503,"Ireland",2008,"T20","male",1,NA,1
"504",504,"Ireland",2009,"ODI","male",2,NA,2
"505",505,"Ireland",2009,"T20","male",3,2,5
"506",506,"Ireland",2010,"ODI","male",3,2,5
"507",507,"Ireland",2011,"ODI","male",6,3,9
"508",508,"Ireland",2012,"ODI","male",2,NA,2
"509",509,"Ireland",2012,"T20","male",2,1,3
"510",510,"Ireland",2013,"ODI","female",2,NA,2
"511",511,"Ireland",2013,"ODI","male",4,1,5
"512",512,"Ireland",2013,"T20","female",2,NA,2
"513",513,"Ireland",2014,"ODI","male",3,2,5
"514",514,"Ireland",2014,"T20","female",2,NA,2
"515",515,"Ireland",2015,"ODI","male",6,1,7
"516",516,"Ireland",2015,"T20","female",3,1,4
"517",517,"Ireland",2015,"T20","male",4,1,5
"518",518,"Ireland",2016,"ODI","female",1,NA,1
"519",519,"Ireland",2016,"ODI","male",5,2,7
"520",520,"Ireland",2016,"T20","female",3,2,5
"521",521,"Ireland",2016,"T20","male",5,3,8
"522",522,"Ireland",2017,"ODI","male",4,9,13
"523",523,"Ireland",2018,"ODI","male",4,4,8
"524",524,"Ireland",2018,"T20","female",6,7,13
"525",525,"Ireland",2018,"T20","male",2,6,8
"526",526,"Ireland",2018,"Test","male",1,NA,1
"527",527,"Ireland",2019,"ODI","male",9,5,14
"528",528,"Ireland",2019,"T20","female",10,3,13
"529",529,"Ireland",2019,"T20","male",13,9,22
"530",530,"Ireland",2020,"ODI","male",2,4,6
"531",531,"Ireland",2021,"ODI","female",3,1,4
"532",532,"Ireland",2021,"ODI","male",7,7,14
"533",533,"Ireland",2021,"T20","female",7,4,11
"534",534,"Ireland",2021,"T20","male",5,11,16
"535",535,"Ireland",2022,"ODI","female",5,4,9
"536",536,"Ireland",2022,"ODI","male",2,4,6
"537",537,"Ireland",2022,"T20","female",8,8,16
"538",538,"Ireland",2022,"T20","male",8,19,27
"539",539,"Ireland",2023,"ODI","female",5,3,8
"540",540,"Ireland",2023,"ODI","male",7,13,20
"541",541,"Ireland",2023,"T20","female",7,5,12
"542",542,"Ireland",2023,"T20","male",6,10,16
"543",543,"Ireland",2023,"Test","male",3,1,4
"544",544,"Isle of Man",2020,"T20","male",1,NA,1
"545",545,"Isle of Man",2022,"T20","male",3,2,5
"546",546,"Isle of Man",2023,"T20","male",4,1,5
"547",547,"Israel",2022,"T20","male",2,1,3
"548",548,"Italy",2019,"T20","male",1,3,4
"549",549,"Italy",2021,"T20","male",4,2,6
"550",550,"Italy",2022,"T20","male",6,2,8
"551",551,"Italy",2023,"T20","female",5,3,8
"552",552,"Italy",2023,"T20","male",2,3,5
"553",553,"Japan",2019,"T20","female",1,5,6
"554",554,"Japan",2022,"T20","female",2,2,4
"555",555,"Japan",2022,"T20","male",4,1,5
"556",556,"Japan",2023,"T20","female",5,5,10
"557",557,"Japan",2023,"T20","male",6,NA,6
"558",558,"Jersey",2019,"T20","male",3,7,10
"559",559,"Jersey",2021,"T20","male",3,3,6
"560",560,"Jersey",2022,"T20","female",1,NA,1
"561",561,"Jersey",2022,"T20","male",2,3,5
"562",562,"Jersey",2023,"ODI","male",2,2,4
"563",563,"Jersey",2023,"T20","female",2,6,8
"564",564,"Jersey",2023,"T20","male",3,3,6
"565",565,"Kenya",2003,"ODI","male",6,5,11
"566",566,"Kenya",2004,"ODI","male",1,1,2
"567",567,"Kenya",2006,"ODI","male",3,NA,3
"568",568,"Kenya",2007,"ODI","male",8,1,9
"569",569,"Kenya",2007,"T20","male",4,NA,4
"570",570,"Kenya",2009,"ODI","male",1,1,2
"571",571,"Kenya",2011,"ODI","male",3,3,6
"572",572,"Kenya",2013,"T20","male",4,2,6
"573",573,"Kenya",2014,"ODI","male",1,1,2
"574",574,"Kenya",2019,"T20","female",1,NA,1
"575",575,"Kenya",2019,"T20","male",5,3,8
"576",576,"Kenya",2021,"T20","female",2,2,4
"577",577,"Kenya",2021,"T20","male",5,6,11
"578",578,"Kenya",2022,"T20","female",5,7,12
"579",579,"Kenya",2022,"T20","male",8,6,14
"580",580,"Kenya",2023,"T20","female",4,4,8
"581",581,"Kenya",2023,"T20","male",5,10,15
"582",582,"Kuwait",2019,"T20","female",3,3,6
"583",583,"Kuwait",2019,"T20","male",3,NA,3
"584",584,"Kuwait",2020,"T20","male",2,1,3
"585",585,"Kuwait",2021,"T20","female",2,3,5
"586",586,"Kuwait",2021,"T20","male",1,2,3
"587",587,"Kuwait",2022,"T20","female",1,8,9
"588",588,"Kuwait",2022,"T20","male",3,3,6
"589",589,"Kuwait",2023,"T20","female",5,2,7
"590",590,"Kuwait",2023,"T20","male",4,13,17
"591",591,"Lesotho",2018,"T20","female",1,4,5
"592",592,"Lesotho",2021,"T20","male",2,1,3
"593",593,"Lesotho",2022,"T20","male",2,3,5
"594",594,"Luxembourg",2021,"T20","male",3,3,6
"595",595,"Luxembourg",2022,"T20","male",5,4,9
"596",596,"Luxembourg",2023,"T20","male",5,6,11
"597",597,"Malawi",2018,"T20","female",1,2,3
"598",598,"Malawi",2021,"T20","male",4,1,5
"599",599,"Malawi",2023,"T20","female",2,1,3
"600",600,"Malaysia",2018,"T20","female",1,4,5
"601",601,"Malaysia",2019,"T20","female",2,6,8
"602",602,"Malaysia",2019,"T20","male",12,2,14
"603",603,"Malaysia",2020,"T20","male",6,2,8
"604",604,"Malaysia",2021,"T20","female",3,1,4
"605",605,"Malaysia",2021,"T20","male",1,3,4
"606",606,"Malaysia",2022,"T20","female",9,10,19
"607",607,"Malaysia",2022,"T20","male",10,8,18
"608",608,"Malaysia",2023,"T20","female",6,8,14
"609",609,"Malaysia",2023,"T20","male",10,6,16
"610",610,"Maldives",2019,"T20","male",2,4,6
"611",611,"Maldives",2021,"T20","male",3,1,4
"612",612,"Maldives",2022,"T20","male",2,2,4
"613",613,"Maldives",2023,"T20","male",4,1,5
"614",614,"Mali",2022,"T20","male",3,2,5
"615",615,"Malta",2021,"T20","male",6,7,13
"616",616,"Malta",2022,"T20","male",3,6,9
"617",617,"Malta",2023,"T20","female",2,1,3
"618",618,"Malta",2023,"T20","male",10,11,21
"619",619,"Mozambique",2018,"T20","female",3,NA,3
"620",620,"Mozambique",2019,"T20","female",2,1,3
"621",621,"Mozambique",2021,"T20","female",2,2,4
"622",622,"Mozambique",2021,"T20","male",2,2,4
"623",623,"Mozambique",2022,"T20","male",3,6,9
"624",624,"Mozambique",2023,"T20","female",2,1,3
"625",625,"Myanmar",2023,"T20","female",2,4,6
"626",626,"Myanmar",2023,"T20","male",1,3,4
"627",627,"Namibia",2018,"T20","female",1,5,6
"628",628,"Namibia",2019,"ODI","male",3,1,4
"629",629,"Namibia",2019,"T20","female",10,2,12
"630",630,"Namibia",2019,"T20","male",10,6,16
"631",631,"Namibia",2020,"ODI","male",2,1,3
"632",632,"Namibia",2021,"ODI","male",1,NA,1
"633",633,"Namibia",2021,"T20","female",5,2,7
"634",634,"Namibia",2021,"T20","male",5,8,13
"635",635,"Namibia",2022,"ODI","male",12,8,20
"636",636,"Namibia",2022,"T20","female",5,6,11
"637",637,"Namibia",2022,"T20","male",6,5,11
"638",638,"Namibia",2023,"ODI","male",5,5,10
"639",639,"Namibia",2023,"T20","female",9,7,16
"640",640,"Namibia",2023,"T20","male",5,6,11
"641",641,"Nepal",2015,"T20","male",2,3,5
"642",642,"Nepal",2019,"T20","female",4,5,9
"643",643,"Nepal",2019,"T20","male",7,12,19
"644",644,"Nepal",2020,"ODI","male",4,NA,4
"645",645,"Nepal",2021,"ODI","male",2,3,5
"646",646,"Nepal",2021,"T20","female",3,3,6
"647",647,"Nepal",2021,"T20","male",3,2,5
"648",648,"Nepal",2022,"ODI","male",6,15,21
"649",649,"Nepal",2022,"T20","female",7,3,10
"650",650,"Nepal",2022,"T20","male",7,10,17
"651",651,"Nepal",2023,"ODI","male",8,13,21
"652",652,"Nepal",2023,"T20","female",9,9,18
"653",653,"Nepal",2023,"T20","male",4,8,12
"654",654,"Netherlands",2003,"ODI","male",2,3,5
"655",655,"Netherlands",2007,"ODI","male",3,2,5
"656",656,"Netherlands",2008,"ODI","male",1,NA,1
"657",657,"Netherlands",2008,"T20","male",1,NA,1
"658",658,"Netherlands",2009,"T20","male",1,1,2
"659",659,"Netherlands",2011,"ODI","male",2,5,7
"660",660,"Netherlands",2012,"T20","male",2,NA,2
"661",661,"Netherlands",2013,"ODI","male",1,2,3
"662",662,"Netherlands",2013,"T20","male",2,4,6
"663",663,"Netherlands",2014,"ODI","male",1,1,2
"664",664,"Netherlands",2014,"T20","male",3,1,4
"665",665,"Netherlands",2015,"T20","male",3,3,6
"666",666,"Netherlands",2017,"T20","male",2,NA,2
"667",667,"Netherlands",2018,"T20","female",4,1,5
"668",668,"Netherlands",2018,"T20","male",3,2,5
"669",669,"Netherlands",2019,"ODI","male",2,NA,2
"670",670,"Netherlands",2019,"T20","female",7,4,11
"671",671,"Netherlands",2019,"T20","male",11,12,23
"672",672,"Netherlands",2021,"ODI","male",4,2,6
"673",673,"Netherlands",2021,"T20","female",2,5,7
"674",674,"Netherlands",2021,"T20","male",6,2,8
"675",675,"Netherlands",2022,"ODI","female",3,4,7
"676",676,"Netherlands",2022,"ODI","male",6,9,15
"677",677,"Netherlands",2022,"T20","female",5,3,8
"678",678,"Netherlands",2022,"T20","male",5,10,15
"679",679,"Netherlands",2023,"ODI","female",1,1,2
"680",680,"Netherlands",2023,"ODI","male",8,14,22
"681",681,"Netherlands",2023,"T20","female",7,9,16
"682",682,"New Zealand",2002,"ODI","male",1,NA,1
"683",683,"New Zealand",2003,"ODI","male",8,15,23
"684",684,"New Zealand",2003,"Test","male",1,NA,1
"685",685,"New Zealand",2004,"ODI","male",4,5,9
"686",686,"New Zealand",2004,"Test","male",3,2,5
"687",687,"New Zealand",2005,"ODI","male",3,5,8
"688",688,"New Zealand",2005,"T20","male",1,1,2
"689",689,"New Zealand",2005,"Test","male",2,3,5
"690",690,"New Zealand",2006,"ODI","male",10,1,11
"691",691,"New Zealand",2006,"T20","male",3,NA,3
"692",692,"New Zealand",2006,"Test","male",3,3,6
"693",693,"New Zealand",2007,"ODI","female",1,NA,1
"694",694,"New Zealand",2007,"ODI","male",10,16,26
"695",695,"New Zealand",2007,"T20","male",2,6,8
"696",696,"New Zealand",2007,"Test","male",1,1,2
"697",697,"New Zealand",2008,"ODI","male",5,5,10
"698",698,"New Zealand",2008,"T20","male",4,1,5
"699",699,"New Zealand",2008,"Test","male",5,5,10
"700",700,"New Zealand",2009,"ODI","male",11,7,18
"701",701,"New Zealand",2009,"T20","male",6,3,9
"702",702,"New Zealand",2009,"Test","male",6,1,7
"703",703,"New Zealand",2010,"ODI","male",8,9,17
"704",704,"New Zealand",2010,"T20","female",1,2,3
"705",705,"New Zealand",2010,"T20","male",12,1,13
"706",706,"New Zealand",2010,"Test","male",3,3,6
"707",707,"New Zealand",2011,"ODI","male",8,5,13
"708",708,"New Zealand",2011,"Test","male",2,3,5
"709",709,"New Zealand",2012,"ODI","male",6,7,13
"710",710,"New Zealand",2012,"T20","female",3,1,4
"711",711,"New Zealand",2012,"T20","male",7,4,11
"712",712,"New Zealand",2012,"Test","male",4,5,9
"713",713,"New Zealand",2013,"ODI","female",1,2,3
"714",714,"New Zealand",2013,"ODI","male",5,13,18
"715",715,"New Zealand",2013,"T20","male",3,3,6
"716",716,"New Zealand",2013,"Test","male",6,6,12
"717",717,"New Zealand",2014,"ODI","male",12,NA,12
"718",718,"New Zealand",2014,"T20","male",4,4,8
"719",719,"New Zealand",2014,"Test","male",4,3,7
"720",720,"New Zealand",2015,"ODI","female",2,2,4
"721",721,"New Zealand",2015,"ODI","male",20,8,28
"722",722,"New Zealand",2015,"Test","male",3,4,7
"723",723,"New Zealand",2016,"ODI","female",5,5,10
"724",724,"New Zealand",2016,"ODI","male",10,6,16
"725",725,"New Zealand",2016,"T20","female",4,2,6
"726",726,"New Zealand",2016,"T20","male",6,4,10
"727",727,"New Zealand",2016,"Test","male",4,7,11
"728",728,"New Zealand",2017,"ODI","female",6,3,9
"729",729,"New Zealand",2017,"ODI","male",10,10,20
"730",730,"New Zealand",2017,"T20","male",6,2,8
"731",731,"New Zealand",2017,"Test","male",6,1,7
"732",732,"New Zealand",2018,"ODI","female",3,4,7
"733",733,"New Zealand",2018,"ODI","male",7,5,12
"734",734,"New Zealand",2018,"T20","female",10,7,17
"735",735,"New Zealand",2018,"T20","male",5,5,10
"736",736,"New Zealand",2018,"Test","male",3,3,6
"737",737,"New Zealand",2019,"ODI","female",3,3,6
"738",738,"New Zealand",2019,"ODI","male",15,6,21
"739",739,"New Zealand",2019,"T20","female",3,NA,3
"740",740,"New Zealand",2019,"T20","male",9,3,12
"741",741,"New Zealand",2019,"Test","male",4,4,8
"742",742,"New Zealand",2020,"ODI","female",5,1,6
"743",743,"New Zealand",2020,"ODI","male",3,1,4
"744",744,"New Zealand",2020,"T20","female",6,5,11
"745",745,"New Zealand",2020,"T20","male",7,4,11
"746",746,"New Zealand",2020,"Test","male",5,1,6
"747",747,"New Zealand",2021,"ODI","female",4,7,11
"748",748,"New Zealand",2021,"ODI","male",1,2,3
"749",749,"New Zealand",2021,"T20","female",4,5,9
"750",750,"New Zealand",2021,"T20","male",15,8,23
"751",751,"New Zealand",2021,"Test","male",1,5,6
"752",752,"New Zealand",2022,"ODI","female",9,9,18
"753",753,"New Zealand",2022,"ODI","male",6,10,16
"754",754,"New Zealand",2022,"T20","female",9,5,14
"755",755,"New Zealand",2022,"T20","male",16,6,22
"756",756,"New Zealand",2022,"Test","male",5,3,8
"757",757,"New Zealand",2023,"ODI","female",7,2,9
"758",758,"New Zealand",2023,"ODI","male",15,18,33
"759",759,"New Zealand",2023,"T20","female",5,8,13
"760",760,"New Zealand",2023,"T20","male",11,10,21
"761",761,"New Zealand",2023,"Test","male",2,5,7
"762",762,"Nigeria",2019,"T20","male",1,7,8
"763",763,"Nigeria",2021,"T20","female",1,7,8
"764",764,"Nigeria",2021,"T20","male",10,7,17
"765",765,"Nigeria",2022,"T20","female",1,3,4
"766",766,"Nigeria",2022,"T20","male",2,4,6
"767",767,"Nigeria",2023,"T20","female",1,2,3
"768",768,"Nigeria",2023,"T20","male",11,5,16
"769",769,"Norway",2021,"T20","female",1,NA,1
"770",770,"Norway",2021,"T20","male",5,NA,5
"771",771,"Norway",2022,"T20","male",4,4,8
"772",772,"Norway",2023,"T20","male",1,1,2
"773",773,"Oman",2016,"T20","male",1,4,5
"774",774,"Oman",2019,"ODI","male",2,3,5
"775",775,"Oman",2019,"T20","male",7,8,15
"776",776,"Oman",2020,"ODI","male",4,2,6
"777",777,"Oman",2020,"T20","female",4,NA,4
"778",778,"Oman",2020,"T20","male",1,NA,1
"779",779,"Oman",2021,"ODI","male",2,6,8
"780",780,"Oman",2021,"T20","male",1,2,3
"781",781,"Oman",2022,"ODI","male",11,5,16
"782",782,"Oman",2022,"T20","female",6,2,8
"783",783,"Oman",2022,"T20","male",7,8,15
"784",784,"Oman",2023,"ODI","male",2,7,9
"785",785,"Oman",2023,"T20","male",4,4,8
"786",786,"Pakistan",2003,"ODI","male",19,8,27
"787",787,"Pakistan",2004,"ODI","male",8,8,16
"788",788,"Pakistan",2004,"Test","male",1,1,2
"789",789,"Pakistan",2005,"ODI","male",6,6,12
"790",790,"Pakistan",2005,"Test","male",2,NA,2
"791",791,"Pakistan",2006,"ODI","male",8,11,19
"792",792,"Pakistan",2006,"Test","male",3,5,8
"793",793,"Pakistan",2007,"ODI","female",1,1,2
"794",794,"Pakistan",2007,"ODI","male",5,12,17
"795",795,"Pakistan",2007,"T20","male",2,7,9
"796",796,"Pakistan",2007,"Test","male",2,5,7
"797",797,"Pakistan",2008,"ODI","male",14,3,17
"798",798,"Pakistan",2008,"T20","male",3,NA,3
"799",799,"Pakistan",2009,"ODI","male",4,11,15
"800",800,"Pakistan",2009,"T20","male",3,5,8
"801",801,"Pakistan",2009,"Test","male",2,5,7
"802",802,"Pakistan",2010,"ODI","male",2,8,10
"803",803,"Pakistan",2010,"T20","male",3,12,15
"804",804,"Pakistan",2010,"Test","male",1,7,8
"805",805,"Pakistan",2011,"ODI","male",2,19,21
"806",806,"Pakistan",2011,"T20","male",1,2,3
"807",807,"Pakistan",2011,"Test","male",1,7,8
"808",808,"Pakistan",2012,"ODI","male",1,10,11
"809",809,"Pakistan",2012,"T20","male",1,8,9
"810",810,"Pakistan",2013,"ODI","male",6,19,25
"811",811,"Pakistan",2013,"T20","female",1,4,5
"812",812,"Pakistan",2013,"Test","male",2,3,5
"813",813,"Pakistan",2014,"ODI","male",2,8,10
"814",814,"Pakistan",2014,"T20","female",2,5,7
"815",815,"Pakistan",2014,"T20","male",1,3,4
"816",816,"Pakistan",2015,"ODI","female",1,NA,1
"817",817,"Pakistan",2015,"ODI","male",7,10,17
"818",818,"Pakistan",2015,"T20","female",2,1,3
"819",819,"Pakistan",2015,"T20","male",2,3,5
"820",820,"Pakistan",2016,"ODI","male",1,8,9
"821",821,"Pakistan",2016,"T20","female",1,8,9
"822",822,"Pakistan",2016,"T20","male",3,10,13
"823",823,"Pakistan",2016,"Test","male",1,7,8
"824",824,"Pakistan",2017,"ODI","female",4,7,11
"825",825,"Pakistan",2017,"ODI","male",3,9,12
"826",826,"Pakistan",2017,"T20","male",4,6,10
"827",827,"Pakistan",2018,"ODI","female",1,2,3
"828",828,"Pakistan",2018,"ODI","male",5,9,14
"829",829,"Pakistan",2018,"T20","female",9,5,14
"830",830,"Pakistan",2018,"T20","male",9,1,10
"831",831,"Pakistan",2018,"Test","male",2,5,7
"832",832,"Pakistan",2019,"ODI","female",2,6,8
"833",833,"Pakistan",2019,"ODI","male",4,21,25
"834",834,"Pakistan",2019,"T20","female",4,8,12
"835",835,"Pakistan",2019,"T20","male",3,7,10
"836",836,"Pakistan",2019,"Test","male",2,4,6
"837",837,"Pakistan",2020,"T20","female",3,1,4
"838",838,"Pakistan",2020,"T20","male",6,2,8
"839",839,"Pakistan",2020,"Test","male",3,2,5
"840",840,"Pakistan",2021,"ODI","female",7,6,13
"841",841,"Pakistan",2021,"ODI","male",3,3,6
"842",842,"Pakistan",2021,"T20","female",3,3,6
"843",843,"Pakistan",2021,"T20","male",13,16,29
"844",844,"Pakistan",2021,"Test","male",6,3,9
"845",845,"Pakistan",2022,"ODI","female",4,9,13
"846",846,"Pakistan",2022,"ODI","male",4,5,9
"847",847,"Pakistan",2022,"T20","female",8,11,19
"848",848,"Pakistan",2022,"T20","male",13,13,26
"849",849,"Pakistan",2022,"Test","male",3,6,9
"850",850,"Pakistan",2023,"ODI","female",5,7,12
"851",851,"Pakistan",2023,"ODI","male",11,14,25
"852",852,"Pakistan",2023,"T20","female",11,6,17
"853",853,"Pakistan",2023,"T20","male",9,2,11
"854",854,"Panama",2021,"T20","male",1,2,3
"855",855,"Panama",2023,"T20","male",5,3,8
"856",856,"Papua New Guinea",2018,"ODI","male",2,NA,2
"857",857,"Papua New Guinea",2018,"T20","female",3,2,5
"858",858,"Papua New Guinea",2019,"ODI","male",1,8,9
"859",859,"Papua New Guinea",2019,"T20","female",3,7,10
"860",860,"Papua New Guinea",2019,"T20","male",6,6,12
"861",861,"Papua New Guinea",2021,"ODI","male",5,3,8
"862",862,"Papua New Guinea",2021,"T20","male",2,3,5
"863",863,"Papua New Guinea",2022,"ODI","male",9,9,18
"864",864,"Papua New Guinea",2022,"T20","female",2,2,4
"865",865,"Papua New Guinea",2022,"T20","male",2,10,12
"866",866,"Papua New Guinea",2023,"ODI","male",5,6,11
"867",867,"Papua New Guinea",2023,"T20","female",3,2,5
"868",868,"Papua New Guinea",2023,"T20","male",2,6,8
"869",869,"Philippines",2019,"T20","male",2,2,4
"870",870,"Philippines",2022,"T20","male",2,3,5
"871",871,"Philippines",2023,"T20","male",4,7,11
"872",872,"Portugal",2021,"T20","male",1,NA,1
"873",873,"Portugal",2022,"T20","male",3,1,4
"874",874,"Portugal",2023,"T20","male",3,6,9
"875",875,"Qatar",2020,"T20","male",1,1,2
"876",876,"Qatar",2021,"T20","male",1,1,2
"877",877,"Qatar",2022,"T20","female",6,6,12
"878",878,"Qatar",2022,"T20","male",1,6,7
"879",879,"Qatar",2023,"T20","female",3,1,4
"880",880,"Qatar",2023,"T20","male",5,2,7
"881",881,"Romania",2021,"T20","male",5,3,8
"882",882,"Romania",2022,"T20","male",8,3,11
"883",883,"Romania",2023,"T20","female",2,1,3
"884",884,"Romania",2023,"T20","male",5,5,10
"885",885,"Rwanda",2019,"T20","female",4,2,6
"886",886,"Rwanda",2021,"T20","female",3,6,9
"887",887,"Rwanda",2021,"T20","male",4,5,9
"888",888,"Rwanda",2022,"T20","female",3,1,4
"889",889,"Rwanda",2022,"T20","male",7,8,15
"890",890,"Rwanda",2023,"T20","female",2,1,3
"891",891,"Rwanda",2023,"T20","male",16,18,34
"892",892,"Samoa",2022,"T20","male",4,1,5
"893",893,"Samoa",2023,"T20","female",3,2,5
"894",894,"Saudi Arabia",2020,"T20","male",1,NA,1
"895",895,"Saudi Arabia",2022,"T20","female",2,3,5
"896",896,"Saudi Arabia",2022,"T20","male",3,4,7
"897",897,"Saudi Arabia",2023,"T20","male",3,2,5
"898",898,"Scotland",2007,"ODI","male",2,4,6
"899",899,"Scotland",2008,"ODI","male",1,2,3
"900",900,"Scotland",2009,"T20","male",1,1,2
"901",901,"Scotland",2010,"ODI","male",2,NA,2
"902",902,"Scotland",2011,"ODI","male",1,NA,1
"903",903,"Scotland",2013,"ODI","male",1,1,2
"904",904,"Scotland",2014,"ODI","male",2,4,6
"905",905,"Scotland",2015,"ODI","male",1,7,8
"906",906,"Scotland",2015,"T20","male",3,2,5
"907",907,"Scotland",2016,"ODI","male",6,NA,6
"908",908,"Scotland",2016,"T20","male",1,5,6
"909",909,"Scotland",2017,"ODI","male",2,1,3
"910",910,"Scotland",2018,"ODI","male",4,2,6
"911",911,"Scotland",2018,"T20","female",2,3,5
"912",912,"Scotland",2018,"T20","male",2,4,6
"913",913,"Scotland",2019,"ODI","male",8,1,9
"914",914,"Scotland",2019,"T20","female",6,7,13
"915",915,"Scotland",2019,"T20","male",1,13,14
"916",916,"Scotland",2021,"ODI","male",2,4,6
"917",917,"Scotland",2021,"T20","female",2,6,8
"918",918,"Scotland",2021,"T20","male",7,6,13
"919",919,"Scotland",2022,"ODI","male",11,9,20
"920",920,"Scotland",2022,"T20","female",9,2,11
"921",921,"Scotland",2022,"T20","male",3,2,5
"922",922,"Scotland",2023,"ODI","female",1,2,3
"923",923,"Scotland",2023,"ODI","male",7,4,11
"924",924,"Scotland",2023,"T20","female",7,4,11
"925",925,"Scotland",2023,"T20","male",6,NA,6
"926",926,"Serbia",2021,"T20","male",2,1,3
"927",927,"Serbia",2022,"T20","male",5,7,12
"928",928,"Serbia",2023,"T20","male",3,2,5
"929",929,"Seychelles",2021,"T20","male",1,4,5
"930",930,"Seychelles",2022,"T20","male",3,2,5
"931",931,"Sierra Leone",2018,"T20","female",4,1,5
"932",932,"Sierra Leone",2019,"T20","female",1,1,2
"933",933,"Sierra Leone",2021,"T20","female",2,1,3
"934",934,"Sierra Leone",2021,"T20","male",2,7,9
"935",935,"Sierra Leone",2022,"T20","male",3,3,6
"936",936,"Sierra Leone",2023,"T20","female",1,4,5
"937",937,"Sierra Leone",2023,"T20","male",4,5,9
"938",938,"Singapore",2019,"T20","female",3,NA,3
"939",939,"Singapore",2019,"T20","male",6,6,12
"940",940,"Singapore",2022,"T20","female",3,4,7
"941",941,"Singapore",2022,"T20","male",10,8,18
"942",942,"Singapore",2023,"T20","female",4,3,7
"943",943,"Singapore",2023,"T20","male",1,2,3
"944",944,"Slovenia",2022,"T20","male",2,2,4
"945",945,"South Africa",2002,"Test","male",1,NA,1
"946",946,"South Africa",2003,"ODI","male",5,12,17
"947",947,"South Africa",2003,"Test","male",7,1,8
"948",948,"South Africa",2004,"ODI","male",5,2,7
"949",949,"South Africa",2004,"Test","male",3,1,4
"950",950,"South Africa",2005,"ODI","male",9,9,18
"951",951,"South Africa",2005,"T20","male",1,NA,1
"952",952,"South Africa",2005,"Test","male",2,3,5
"953",953,"South Africa",2006,"ODI","male",17,5,22
"954",954,"South Africa",2006,"T20","male",2,1,3
"955",955,"South Africa",2006,"Test","male",6,4,10
"956",956,"South Africa",2007,"ODI","female",1,1,2
"957",957,"South Africa",2007,"ODI","male",9,18,27
"958",958,"South Africa",2007,"T20","male",7,NA,7
"959",959,"South Africa",2007,"Test","male",4,4,8
"960",960,"South Africa",2008,"ODI","male",7,7,14
"961",961,"South Africa",2008,"T20","male",2,NA,2
"962",962,"South Africa",2008,"Test","male",4,9,13
"963",963,"South Africa",2009,"ODI","female",1,NA,1
"964",964,"South Africa",2009,"ODI","male",13,2,15
"965",965,"South Africa",2009,"T20","female",1,NA,1
"966",966,"South Africa",2009,"T20","male",5,6,11
"967",967,"South Africa",2009,"Test","male",5,NA,5
"968",968,"South Africa",2010,"ODI","male",3,10,13
"969",969,"South Africa",2010,"T20","male",2,9,11
"970",970,"South Africa",2010,"Test","male",4,6,10
"971",971,"South Africa",2011,"ODI","female",3,NA,3
"972",972,"South Africa",2011,"ODI","male",9,6,15
"973",973,"South Africa",2011,"T20","female",1,NA,1
"974",974,"South Africa",2011,"T20","male",3,NA,3
"975",975,"South Africa",2011,"Test","male",5,NA,5
"976",976,"South Africa",2012,"ODI","male",5,8,13
"977",977,"South Africa",2012,"T20","male",5,10,15
"978",978,"South Africa",2012,"Test","male",1,8,9
"979",979,"South Africa",2013,"ODI","female",4,NA,4
"980",980,"South Africa",2013,"ODI","male",15,8,23
"981",981,"South Africa",2013,"T20","female",5,2,7
"982",982,"South Africa",2013,"T20","male",3,3,6
"983",983,"South Africa",2013,"Test","male",7,1,8
"984",984,"South Africa",2014,"T20","male",3,5,8
"985",985,"South Africa",2014,"Test","male",5,1,6
"986",986,"South Africa",2015,"ODI","male",10,11,21
"987",987,"South Africa",2015,"T20","male",5,4,9
"988",988,"South Africa",2015,"Test","male",2,6,8
"989",989,"South Africa",2016,"ODI","female",9,4,13
"990",990,"South Africa",2016,"ODI","male",11,6,17
"991",991,"South Africa",2016,"T20","female",5,3,8
"992",992,"South Africa",2016,"T20","male",7,2,9
"993",993,"South Africa",2016,"Test","male",6,2,8
"994",994,"South Africa",2017,"ODI","female",8,11,19
"995",995,"South Africa",2017,"ODI","male",8,11,19
"996",996,"South Africa",2017,"T20","male",5,4,9
"997",997,"South Africa",2017,"Test","male",6,6,12
"998",998,"South Africa",2018,"ODI","female",4,8,12
"999",999,"South Africa",2018,"ODI","male",5,6,11
"1000",1000,"South Africa",2018,"T20","female",9,9,18
"1001",1001,"South Africa",2018,"T20","male",2,4,6
"1002",1002,"South Africa",2018,"Test","male",5,4,9
"1003",1003,"South Africa",2019,"ODI","female",6,3,9
"1004",1004,"South Africa",2019,"ODI","male",12,7,19
"1005",1005,"South Africa",2019,"T20","female",7,4,11
"1006",1006,"South Africa",2019,"T20","male",6,2,8
"1007",1007,"South Africa",2019,"Test","male",5,3,8
"1008",1008,"South Africa",2020,"ODI","male",6,NA,6
"1009",1009,"South Africa",2020,"T20","female",1,7,8
"1010",1010,"South Africa",2020,"T20","male",9,NA,9
"1011",1011,"South Africa",2020,"Test","male",3,1,4
"1012",1012,"South Africa",2021,"ODI","female",5,8,13
"1013",1013,"South Africa",2021,"ODI","male",5,5,10
"1014",1014,"South Africa",2021,"T20","female",5,4,9
"1015",1015,"South Africa",2021,"T20","male",14,9,23
"1016",1016,"South Africa",2021,"Test","male",2,4,6
"1017",1017,"South Africa",2022,"ODI","female",8,10,18
"1018",1018,"South Africa",2022,"ODI","male",8,4,12
"1019",1019,"South Africa",2022,"T20","female",2,7,9
"1020",1020,"South Africa",2022,"T20","male",7,11,18
"1021",1021,"South Africa",2022,"Test","female",1,NA,1
"1022",1022,"South Africa",2022,"Test","male",8,3,11
"1023",1023,"South Africa",2023,"ODI","female",4,5,9
"1024",1024,"South Africa",2023,"ODI","male",13,12,25
"1025",1025,"South Africa",2023,"T20","female",8,12,20
"1026",1026,"South Africa",2023,"T20","male",3,5,8
"1027",1027,"South Africa",2023,"Test","male",2,2,4
"1028",1028,"South Korea",2019,"T20","female",2,NA,2
"1029",1029,"South Korea",2022,"T20","male",1,2,3
"1030",1030,"Spain",2019,"T20","male",4,NA,4
"1031",1031,"Spain",2020,"T20","male",2,NA,2
"1032",1032,"Spain",2021,"T20","male",1,2,3
"1033",1033,"Spain",2022,"T20","female",2,NA,2
"1034",1034,"Spain",2022,"T20","male",5,7,12
"1035",1035,"Spain",2023,"T20","male",1,4,5
"1036",1036,"Sri Lanka",2003,"ODI","male",13,9,22
"1037",1037,"Sri Lanka",2004,"ODI","male",6,10,16
"1038",1038,"Sri Lanka",2005,"ODI","male",6,3,9
"1039",1039,"Sri Lanka",2005,"Test","male",2,2,4
"1040",1040,"Sri Lanka",2006,"ODI","male",6,19,25
"1041",1041,"Sri Lanka",2006,"Test","male",5,5,10
"1042",1042,"Sri Lanka",2007,"ODI","male",5,17,22
"1043",1043,"Sri Lanka",2007,"Test","male",1,6,7
"1044",1044,"Sri Lanka",2008,"ODI","female",1,1,2
"1045",1045,"Sri Lanka",2008,"ODI","male",4,11,15
"1046",1046,"Sri Lanka",2008,"Test","male",2,2,4
"1047",1047,"Sri Lanka",2009,"ODI","male",9,12,21
"1048",1048,"Sri Lanka",2009,"T20","male",6,7,13
"1049",1049,"Sri Lanka",2009,"Test","male",3,5,8
"1050",1050,"Sri Lanka",2010,"T20","male",1,8,9
"1051",1051,"Sri Lanka",2010,"Test","male",3,NA,3
"1052",1052,"Sri Lanka",2011,"ODI","male",13,8,21
"1053",1053,"Sri Lanka",2011,"Test","male",1,6,7
"1054",1054,"Sri Lanka",2012,"ODI","male",9,14,23
"1055",1055,"Sri Lanka",2012,"T20","female",1,NA,1
"1056",1056,"Sri Lanka",2012,"T20","male",6,NA,6
"1057",1057,"Sri Lanka",2012,"Test","male",3,2,5
"1058",1058,"Sri Lanka",2013,"ODI","male",7,13,20
"1059",1059,"Sri Lanka",2013,"T20","female",3,4,7
"1060",1060,"Sri Lanka",2013,"T20","male",3,1,4
"1061",1061,"Sri Lanka",2013,"Test","male",1,1,2
"1062",1062,"Sri Lanka",2014,"ODI","female",3,NA,3
"1063",1063,"Sri Lanka",2014,"ODI","male",10,18,28
"1064",1064,"Sri Lanka",2014,"T20","female",3,NA,3
"1065",1065,"Sri Lanka",2014,"T20","male",1,8,9
"1066",1066,"Sri Lanka",2014,"Test","male",2,5,7
"1067",1067,"Sri Lanka",2015,"ODI","male",5,14,19
"1068",1068,"Sri Lanka",2015,"T20","female",3,NA,3
"1069",1069,"Sri Lanka",2015,"T20","male",3,NA,3
"1070",1070,"Sri Lanka",2015,"Test","male",4,3,7
"1071",1071,"Sri Lanka",2016,"ODI","female",4,NA,4
"1072",1072,"Sri Lanka",2016,"ODI","male",3,10,13
"1073",1073,"Sri Lanka",2016,"T20","female",2,3,5
"1074",1074,"Sri Lanka",2016,"T20","male",3,12,15
"1075",1075,"Sri Lanka",2016,"Test","male",1,4,5
"1076",1076,"Sri Lanka",2017,"ODI","female",6,6,12
"1077",1077,"Sri Lanka",2017,"ODI","male",7,12,19
"1078",1078,"Sri Lanka",2017,"T20","male",6,7,13
"1079",1079,"Sri Lanka",2017,"Test","male",3,6,9
"1080",1080,"Sri Lanka",2018,"ODI","male",3,5,8
"1081",1081,"Sri Lanka",2018,"T20","female",7,4,11
"1082",1082,"Sri Lanka",2018,"T20","male",3,4,7
"1083",1083,"Sri Lanka",2018,"Test","male",4,5,9
"1084",1084,"Sri Lanka",2019,"ODI","female",3,6,9
"1085",1085,"Sri Lanka",2019,"ODI","male",4,17,21
"1086",1086,"Sri Lanka",2019,"T20","female",3,5,8
"1087",1087,"Sri Lanka",2019,"T20","male",3,10,13
"1088",1088,"Sri Lanka",2019,"Test","male",2,6,8
"1089",1089,"Sri Lanka",2020,"ODI","male",3,NA,3
"1090",1090,"Sri Lanka",2020,"T20","male",2,2,4
"1091",1091,"Sri Lanka",2020,"Test","male",1,2,3
"1092",1092,"Sri Lanka",2021,"ODI","male",8,7,15
"1093",1093,"Sri Lanka",2021,"T20","male",11,9,20
"1094",1094,"Sri Lanka",2021,"Test","male",8,1,9
"1095",1095,"Sri Lanka",2022,"ODI","female",4,2,6
"1096",1096,"Sri Lanka",2022,"ODI","male",5,6,11
"1097",1097,"Sri Lanka",2022,"T20","female",16,5,21
"1098",1098,"Sri Lanka",2022,"T20","male",12,13,25
"1099",1099,"Sri Lanka",2022,"Test","male",4,4,8
"1100",1100,"Sri Lanka",2023,"ODI","female",4,4,8
"1101",1101,"Sri Lanka",2023,"ODI","male",17,14,31
"1102",1102,"Sri Lanka",2023,"T20","female",6,10,16
"1103",1103,"Sri Lanka",2023,"T20","male",4,3,7
"1104",1104,"Sri Lanka",2023,"Test","male",4,2,6
"1105",1105,"St Helena",2022,"T20","male",2,2,4
"1106",1106,"Swaziland",2021,"T20","male",5,NA,5
"1107",1107,"Sweden",2021,"T20","male",3,3,6
"1108",1108,"Sweden",2022,"T20","male",2,7,9
"1109",1109,"Sweden",2023,"T20","female",1,5,6
"1110",1110,"Sweden",2023,"T20","male",1,1,2
"1111",1111,"Switzerland",2021,"T20","male",1,3,4
"1112",1112,"Switzerland",2022,"T20","male",2,3,5
"1113",1113,"Tanzania",2019,"T20","female",1,2,3
"1114",1114,"Tanzania",2021,"T20","female",4,2,6
"1115",1115,"Tanzania",2021,"T20","male",8,2,10
"1116",1116,"Tanzania",2022,"T20","female",5,2,7
"1117",1117,"Tanzania",2022,"T20","male",8,13,21
"1118",1118,"Tanzania",2023,"T20","female",5,3,8
"1119",1119,"Tanzania",2023,"T20","male",8,9,17
"1120",1120,"Thailand",2018,"T20","female",4,5,9
"1121",1121,"Thailand",2019,"T20","female",6,8,14
"1122",1122,"Thailand",2020,"T20","female",1,3,4
"1123",1123,"Thailand",2020,"T20","male",4,NA,4
"1124",1124,"Thailand",2021,"T20","female",3,NA,3
"1125",1125,"Thailand",2022,"ODI","female",3,1,4
"1126",1126,"Thailand",2022,"T20","female",7,8,15
"1127",1127,"Thailand",2022,"T20","male",3,2,5
"1128",1128,"Thailand",2023,"ODI","female",3,2,5
"1129",1129,"Thailand",2023,"T20","female",5,8,13
"1130",1130,"Thailand",2023,"T20","male",2,2,4
"1131",1131,"Turkey",2022,"T20","male",1,3,4
"1132",1132,"Turkey",2023,"T20","female",2,2,4
"1133",1133,"Turkey",2023,"T20","male",1,2,3
"1134",1134,"Uganda",2018,"T20","female",2,2,4
"1135",1135,"Uganda",2019,"T20","male",4,NA,4
"1136",1136,"Uganda",2021,"T20","female",2,2,4
"1137",1137,"Uganda",2021,"T20","male",8,12,20
"1138",1138,"Uganda",2022,"T20","female",5,12,17
"1139",1139,"Uganda",2022,"T20","male",12,10,22
"1140",1140,"Uganda",2023,"T20","female",3,7,10
"1141",1141,"Uganda",2023,"T20","male",14,13,27
"1142",1142,"United Arab Emirates",2014,"ODI","male",2,2,4
"1143",1143,"United Arab Emirates",2015,"ODI","male",3,4,7
"1144",1144,"United Arab Emirates",2015,"T20","male",1,3,4
"1145",1145,"United Arab Emirates",2016,"T20","male",6,7,13
"1146",1146,"United Arab Emirates",2017,"ODI","male",4,NA,4
"1147",1147,"United Arab Emirates",2017,"T20","male",4,NA,4
"1148",1148,"United Arab Emirates",2018,"ODI","male",3,6,9
"1149",1149,"United Arab Emirates",2018,"T20","female",3,2,5
"1150",1150,"United Arab Emirates",2018,"T20","male",1,NA,1
"1151",1151,"United Arab Emirates",2019,"ODI","male",6,3,9
"1152",1152,"United Arab Emirates",2019,"T20","male",13,2,15
"1153",1153,"United Arab Emirates",2021,"T20","female",4,1,5
"1154",1154,"United Arab Emirates",2021,"T20","male",2,1,3
"1155",1155,"United Arab Emirates",2022,"ODI","male",10,11,21
"1156",1156,"United Arab Emirates",2022,"T20","female",9,18,27
"1157",1157,"United Arab Emirates",2022,"T20","male",11,5,16
"1158",1158,"United Arab Emirates",2023,"ODI","male",15,11,26
"1159",1159,"United Arab Emirates",2023,"T20","female",12,6,18
"1160",1160,"United Arab Emirates",2023,"T20","male",9,11,20
"1161",1161,"United States of America",2004,"ODI","male",1,1,2
"1162",1162,"United States of America",2019,"ODI","male",3,5,8
"1163",1163,"United States of America",2019,"T20","female",2,4,6
"1164",1164,"United States of America",2019,"T20","male",1,7,8
"1165",1165,"United States of America",2021,"ODI","male",3,1,4
"1166",1166,"United States of America",2021,"T20","male",2,5,7
"1167",1167,"United States of America",2022,"ODI","male",9,10,19
"1168",1168,"United States of America",2022,"T20","female",4,2,6
"1169",1169,"United States of America",2022,"T20","male",2,3,5
"1170",1170,"United States of America",2023,"ODI","male",6,5,11
"1171",1171,"United States of America",2023,"T20","female",5,1,6
"1172",1172,"Vanuatu",2019,"T20","female",3,NA,3
"1173",1173,"Vanuatu",2022,"T20","male",3,2,5
"1174",1174,"Vanuatu",2023,"T20","female",2,4,6
"1175",1175,"Vanuatu",2023,"T20","male",2,4,6
"1176",1176,"West Indies",2003,"ODI","male",4,10,14
"1177",1177,"West Indies",2003,"Test","male",1,2,3
"1178",1178,"West Indies",2004,"ODI","male",5,11,16
"1179",1179,"West Indies",2004,"Test","male",1,2,3
"1180",1180,"West Indies",2005,"ODI","male",5,3,8
"1181",1181,"West Indies",2005,"Test","male",2,1,3
"1182",1182,"West Indies",2006,"ODI","male",10,18,28
"1183",1183,"West Indies",2006,"Test","male",2,4,6
"1184",1184,"West Indies",2007,"ODI","male",9,7,16
"1185",1185,"West Indies",2007,"Test","male",2,3,5
"1186",1186,"West Indies",2008,"ODI","male",8,7,15
"1187",1187,"West Indies",2008,"T20","male",1,3,4
"1188",1188,"West Indies",2008,"Test","male",5,2,7
"1189",1189,"West Indies",2009,"ODI","male",12,6,18
"1190",1190,"West Indies",2009,"T20","male",2,6,8
"1191",1191,"West Indies",2009,"Test","male",7,4,11
"1192",1192,"West Indies",2010,"ODI","male",10,1,11
"1193",1193,"West Indies",2010,"T20","female",1,NA,1
"1194",1194,"West Indies",2010,"T20","male",8,1,9
"1195",1195,"West Indies",2010,"Test","male",3,1,4
"1196",1196,"West Indies",2011,"ODI","male",10,18,28
"1197",1197,"West Indies",2011,"T20","male",2,3,5
"1198",1198,"West Indies",2011,"Test","male",5,5,10
"1199",1199,"West Indies",2012,"ODI","male",10,7,17
"1200",1200,"West Indies",2012,"T20","male",2,8,10
"1201",1201,"West Indies",2012,"Test","male",5,5,10
"1202",1202,"West Indies",2013,"ODI","male",11,10,21
"1203",1203,"West Indies",2013,"T20","female",2,3,5
"1204",1204,"West Indies",2013,"T20","male",4,1,5
"1205",1205,"West Indies",2013,"Test","male",2,5,7
"1206",1206,"West Indies",2014,"ODI","male",7,5,12
"1207",1207,"West Indies",2014,"T20","male",8,7,15
"1208",1208,"West Indies",2014,"Test","male",5,2,7
"1209",1209,"West Indies",2015,"ODI","male",1,12,13
"1210",1210,"West Indies",2015,"T20","female",1,3,4
"1211",1211,"West Indies",2015,"Test","male",5,3,8
"1212",1212,"West Indies",2016,"ODI","male",7,4,11
"1213",1213,"West Indies",2016,"Test","male",4,1,5
"1214",1214,"West Indies",2017,"ODI","male",17,4,21
"1215",1215,"West Indies",2017,"T20","female",1,NA,1
"1216",1216,"West Indies",2017,"T20","male",9,1,10
"1217",1217,"West Indies",2017,"Test","male",6,4,10
"1218",1218,"West Indies",2018,"ODI","female",2,3,5
"1219",1219,"West Indies",2018,"ODI","male",5,8,13
"1220",1220,"West Indies",2018,"T20","female",6,6,12
"1221",1221,"West Indies",2018,"T20","male",4,11,15
"1222",1222,"West Indies",2018,"Test","male",4,5,9
"1223",1223,"West Indies",2019,"ODI","female",3,6,9
"1224",1224,"West Indies",2019,"ODI","male",7,20,27
"1225",1225,"West Indies",2019,"T20","female",8,7,15
"1226",1226,"West Indies",2019,"T20","male",4,8,12
"1227",1227,"West Indies",2019,"Test","male",5,1,6
"1228",1228,"West Indies",2020,"ODI","male",3,3,6
"1229",1229,"West Indies",2020,"T20","female",1,7,8
"1230",1230,"West Indies",2020,"T20","male",5,3,8
"1231",1231,"West Indies",2021,"ODI","female",7,6,13
"1232",1232,"West Indies",2021,"ODI","male",6,3,9
"1233",1233,"West Indies",2021,"T20","female",2,4,6
"1234",1234,"West Indies",2021,"T20","male",12,13,25
"1235",1235,"West Indies",2021,"Test","male",3,7,10
"1236",1236,"West Indies",2022,"ODI","female",9,9,18
"1237",1237,"West Indies",2022,"ODI","male",11,10,21
"1238",1238,"West Indies",2022,"T20","female",6,4,10
"1239",1239,"West Indies",2022,"T20","male",8,16,24
"1240",1240,"West Indies",2023,"ODI","female",4,2,6
"1241",1241,"West Indies",2023,"ODI","male",10,8,18
"1242",1242,"West Indies",2023,"T20","female",6,8,14
"1243",1243,"West Indies",2023,"T20","male",7,6,13
"1244",1244,"West Indies",2023,"Test","male",2,4,6
"1245",1245,"Zimbabwe",2003,"ODI","male",10,11,21
"1246",1246,"Zimbabwe",2003,"Test","male",1,2,3
"1247",1247,"Zimbabwe",2004,"ODI","male",8,11,19
"1248",1248,"Zimbabwe",2005,"ODI","male",3,2,5
"1249",1249,"Zimbabwe",2005,"Test","male",4,1,5
"1250",1250,"Zimbabwe",2007,"ODI","male",2,3,5
"1251",1251,"Zimbabwe",2009,"ODI","male",5,10,15
"1252",1252,"Zimbabwe",2010,"ODI","male",2,12,14
"1253",1253,"Zimbabwe",2011,"ODI","male",4,4,8
"1254",1254,"Zimbabwe",2011,"Test","male",2,NA,2
"1255",1255,"Zimbabwe",2013,"ODI","male",5,2,7
"1256",1256,"Zimbabwe",2013,"T20","male",2,2,4
"1257",1257,"Zimbabwe",2014,"ODI","male",6,5,11
"1258",1258,"Zimbabwe",2015,"ODI","male",3,12,15
"1259",1259,"Zimbabwe",2015,"T20","male",2,4,6
"1260",1260,"Zimbabwe",2016,"ODI","male",4,NA,4
"1261",1261,"Zimbabwe",2016,"Test","male",2,NA,2
"1262",1262,"Zimbabwe",2017,"Test","male",2,2,4
"1263",1263,"Zimbabwe",2018,"ODI","male",12,6,18
"1264",1264,"Zimbabwe",2018,"T20","male",1,1,2
"1265",1265,"Zimbabwe",2019,"ODI","male",3,5,8
"1266",1266,"Zimbabwe",2019,"T20","female",5,NA,5
"1267",1267,"Zimbabwe",2020,"Test","male",2,1,3
"1268",1268,"Zimbabwe",2021,"ODI","female",2,4,6
"1269",1269,"Zimbabwe",2021,"ODI","male",4,2,6
"1270",1270,"Zimbabwe",2021,"T20","female",3,5,8
"1271",1271,"Zimbabwe",2021,"T20","male",8,9,17
"1272",1272,"Zimbabwe",2021,"Test","male",1,4,5
"1273",1273,"Zimbabwe",2022,"ODI","male",8,7,15
"1274",1274,"Zimbabwe",2022,"T20","female",8,5,13
"1275",1275,"Zimbabwe",2022,"T20","male",16,8,24
"1276",1276,"Zimbabwe",2023,"ODI","female",1,2,3
"1277",1277,"Zimbabwe",2023,"ODI","male",10,6,16
"1278",1278,"Zimbabwe",2023,"T20","female",6,2,8
"1279",1279,"Zimbabwe",2023,"T20","male",9,8,17
"1280",1280,"Zimbabwe",2023,"Test","male",1,1,2
"1281",1281,"Afghanistan",2010,"ODI","male",NA,2,2
"1282",1282,"Afghanistan",2012,"ODI","male",NA,1,1
"1283",1283,"Afghanistan",2016,"ODI","male",NA,8,8
"1284",1284,"Afghanistan",2018,"Test","male",NA,1,1
"1285",1285,"Afghanistan",2023,"Test","male",NA,1,1
"1286",1286,"Asia XI",2005,"ODI","male",NA,2,2
"1287",1287,"Asia XI",2007,"ODI","male",NA,3,3
"1288",1288,"Australia",2005,"T20","male",NA,2,2
"1289",1289,"Australia",2007,"ODI","female",NA,1,1
"1290",1290,"Australia",2008,"T20","male",NA,1,1
"1291",1291,"Australia",2009,"ODI","female",NA,1,1
"1292",1292,"Australia",2009,"T20","female",NA,2,2
"1293",1293,"Australia",2011,"T20","male",NA,2,2
"1294",1294,"Australia",2011,"Test","female",NA,1,1
"1295",1295,"Australia",2013,"T20","female",NA,3,3
"1296",1296,"Australia",2013,"Test","female",NA,1,1
"1297",1297,"Australia",2015,"ODI","female",NA,3,3
"1298",1298,"Australia",2015,"T20","female",NA,6,6
"1299",1299,"Australia",2015,"T20","male",NA,1,1
"1300",1300,"Australia",2015,"Test","female",NA,1,1
"1301",1301,"Australia",2017,"Test","female",NA,1,1
"1302",1302,"Australia",2017,"Test","male",NA,8,8
"1303",1303,"Australia",2019,"Test","female",NA,1,1
"1304",1304,"Australia",2021,"Test","female",NA,1,1
"1305",1305,"Bangladesh",2008,"T20","male",NA,2,2
"1306",1306,"Bangladesh",2009,"Test","male",NA,2,2
"1307",1307,"Bangladesh",2013,"ODI","female",NA,2,2
"1308",1308,"Bangladesh",2013,"T20","female",NA,2,2
"1309",1309,"Bangladesh",2015,"ODI","female",NA,1,1
"1310",1310,"Bangladesh",2017,"T20","male",NA,7,7
"1311",1311,"Bangladesh",2021,"ODI","female",NA,2,2
"1312",1312,"Bermuda",2008,"ODI","male",NA,1,1
"1313",1313,"Botswana",2019,"T20","female",NA,5,5
"1314",1314,"Brazil",2021,"T20","female",NA,1,1
"1315",1315,"Canada",2012,"T20","male",NA,1,1
"1316",1316,"Canada",2019,"T20","female",NA,2,2
"1317",1317,"Czech Republic",2020,"T20","male",NA,1,1
"1318",1318,"England",2002,"Test","male",NA,1,1
"1319",1319,"England",2003,"Test","female",NA,1,1
"1320",1320,"England",2005,"Test","female",NA,1,1
"1321",1321,"England",2005,"Test","male",NA,4,4
"1322",1322,"England",2008,"Test","female",NA,1,1
"1323",1323,"England",2009,"Test","female",NA,1,1
"1324",1324,"England",2011,"ODI","female",NA,3,3
"1325",1325,"England",2022,"Test","female",NA,2,2
"1326",1326,"England",2023,"Test","female",NA,2,2
"1327",1327,"Eswatini",2023,"T20","female",NA,3,3
"1328",1328,"Germany",2020,"T20","male",NA,2,2
"1329",1329,"Greece",2022,"T20","male",NA,3,3
"1330",1330,"Guernsey",2020,"T20","male",NA,1,1
"1331",1331,"Guernsey",2022,"T20","female",NA,1,1
"1332",1332,"Hong Kong",2015,"ODI","male",NA,1,1
"1333",1333,"Hong Kong",2018,"ODI","male",NA,2,2
"1334",1334,"India",2002,"ODI","male",NA,1,1
"1335",1335,"India",2003,"Test","male",NA,2,2
"1336",1336,"India",2006,"T20","male",NA,1,1
"1337",1337,"India",2006,"Test","female",NA,1,1
"1338",1338,"India",2009,"ODI","female",NA,1,1
"1339",1339,"India",2010,"T20","female",NA,1,1
"1340",1340,"India",2011,"T20","female",NA,1,1
"1341",1341,"India",2012,"ODI","female",NA,4,4
"1342",1342,"India",2012,"T20","female",NA,3,3
"1343",1343,"India",2014,"ODI","female",NA,2,2
"1344",1344,"India",2014,"Test","female",NA,1,1
"1345",1345,"India",2014,"Test","male",NA,8,8
"1346",1346,"India",2016,"ODI","female",NA,1,1
"1347",1347,"Ireland",2010,"T20","male",NA,2,2
"1348",1348,"Ireland",2013,"T20","male",NA,2,2
"1349",1349,"Ireland",2014,"T20","male",NA,2,2
"1350",1350,"Ireland",2017,"ODI","female",NA,5,5
"1351",1351,"Ireland",2017,"T20","male",NA,4,4
"1352",1352,"Ireland",2018,"ODI","female",NA,1,1
"1353",1353,"Ireland",2019,"Test","male",NA,2,2
"1354",1354,"Ireland",2020,"T20","male",NA,6,6
"1355",1355,"Isle of Man",2021,"T20","male",NA,4,4
"1356",1356,"Isle of Man",2023,"T20","female",NA,4,4
"1357",1357,"Kenya",2008,"ODI","male",NA,3,3
"1358",1358,"Kenya",2008,"T20","male",NA,1,1
"1359",1359,"Kenya",2013,"ODI","male",NA,1,1
"1360",1360,"Lesotho",2023,"T20","female",NA,3,3
"1361",1361,"Luxembourg",2020,"T20","male",NA,2,2
"1362",1362,"Malawi",2022,"T20","male",NA,4,4
"1363",1363,"Maldives",2019,"T20","female",NA,3,3
"1364",1364,"Maldives",2020,"T20","male",NA,1,1
"1365",1365,"Mali",2019,"T20","female",NA,1,1
"1366",1366,"Mongolia",2023,"T20","male",NA,1,1
"1367",1367,"Namibia",2003,"ODI","male",NA,6,6
"1368",1368,"Nepal",2014,"T20","male",NA,4,4
"1369",1369,"Nepal",2018,"ODI","male",NA,1,1
"1370",1370,"Nepal",2018,"T20","male",NA,1,1
"1371",1371,"Nepal",2019,"ODI","male",NA,3,3
"1372",1372,"Nepal",2020,"T20","male",NA,2,2
"1373",1373,"Netherlands",2006,"ODI","male",NA,2,2
"1374",1374,"Netherlands",2010,"ODI","male",NA,1,1
"1375",1375,"Netherlands",2016,"T20","male",NA,3,3
"1376",1376,"New Zealand",2009,"T20","female",NA,1,1
"1377",1377,"New Zealand",2012,"ODI","female",NA,2,2
"1378",1378,"New Zealand",2015,"T20","male",NA,3,3
"1379",1379,"New Zealand",2017,"T20","female",NA,1,1
"1380",1380,"Nigeria",2019,"T20","female",NA,3,3
"1381",1381,"Norway",2019,"T20","male",NA,4,4
"1382",1382,"Norway",2022,"T20","female",NA,1,1
"1383",1383,"Oman",2015,"T20","male",NA,6,6
"1384",1384,"Oman",2017,"T20","male",NA,2,2
"1385",1385,"Pakistan",2002,"Test","male",NA,1,1
"1386",1386,"Pakistan",2003,"Test","male",NA,4,4
"1387",1387,"Pakistan",2006,"T20","male",NA,1,1
"1388",1388,"Pakistan",2012,"T20","female",NA,2,2
"1389",1389,"Pakistan",2012,"Test","male",NA,2,2
"1390",1390,"Pakistan",2013,"ODI","female",NA,3,3
"1391",1391,"Pakistan",2013,"T20","male",NA,5,5
"1392",1392,"Pakistan",2014,"ODI","female",NA,2,2
"1393",1393,"Pakistan",2014,"Test","male",NA,3,3
"1394",1394,"Pakistan",2015,"Test","male",NA,4,4
"1395",1395,"Pakistan",2016,"ODI","female",NA,6,6
"1396",1396,"Pakistan",2017,"Test","male",NA,4,4
"1397",1397,"Pakistan",2023,"Test","male",NA,5,5
"1398",1398,"Papua New Guinea",2015,"T20","male",NA,3,3
"1399",1399,"Papua New Guinea",2016,"ODI","male",NA,3,3
"1400",1400,"Papua New Guinea",2016,"T20","male",NA,2,2
"1401",1401,"Papua New Guinea",2017,"ODI","male",NA,3,3
"1402",1402,"Papua New Guinea",2017,"T20","male",NA,3,3
"1403",1403,"Portugal",2019,"T20","male",NA,3,3
"1404",1404,"Qatar",2019,"T20","male",NA,4,4
"1405",1405,"Qatar",2021,"T20","female",NA,3,3
"1406",1406,"Samoa",2019,"T20","female",NA,2,2
"1407",1407,"Saudi Arabia",2021,"T20","male",NA,2,2
"1408",1408,"Scotland",2007,"T20","male",NA,1,1
"1409",1409,"Scotland",2008,"T20","male",NA,2,2
"1410",1410,"Scotland",2009,"ODI","male",NA,3,3
"1411",1411,"Scotland",2013,"T20","male",NA,3,3
"1412",1412,"Scotland",2017,"T20","male",NA,2,2
"1413",1413,"Singapore",2020,"T20","male",NA,3,3
"1414",1414,"South Africa",2014,"ODI","female",NA,3,3
"1415",1415,"South Africa",2014,"ODI","male",NA,11,11
"1416",1416,"South Africa",2014,"T20","female",NA,10,10
"1417",1417,"South Africa",2020,"ODI","female",NA,3,3
"1418",1418,"Sri Lanka",2003,"Test","male",NA,1,1
"1419",1419,"Sri Lanka",2004,"Test","male",NA,1,1
"1420",1420,"Sri Lanka",2006,"T20","male",NA,3,3
"1421",1421,"Sri Lanka",2007,"T20","male",NA,5,5
"1422",1422,"Sri Lanka",2008,"T20","male",NA,2,2
"1423",1423,"Sri Lanka",2010,"ODI","male",NA,8,8
"1424",1424,"Sri Lanka",2011,"T20","male",NA,2,2
"1425",1425,"Sri Lanka",2013,"ODI","female",NA,5,5
"1426",1426,"Sri Lanka",2015,"ODI","female",NA,2,2
"1427",1427,"Sri Lanka",2017,"T20","female",NA,1,1
"1428",1428,"Sri Lanka",2018,"ODI","female",NA,1,1
"1429",1429,"Sri Lanka",2020,"T20","female",NA,4,4
"1430",1430,"Sweden",2021,"T20","female",NA,1,1
"1431",1431,"Sweden",2022,"T20","female",NA,1,1
"1432",1432,"Switzerland",2023,"T20","male",NA,5,5
"1433",1433,"Thailand",2019,"T20","male",NA,4,4
"1434",1434,"Uganda",2019,"T20","female",NA,5,5
"1435",1435,"United Arab Emirates",2008,"ODI","male",NA,2,2
"1436",1436,"United Arab Emirates",2016,"ODI","male",NA,2,2
"1437",1437,"United Arab Emirates",2019,"T20","female",NA,6,6
"1438",1438,"United Arab Emirates",2020,"ODI","male",NA,3,3
"1439",1439,"United Arab Emirates",2020,"T20","male",NA,3,3
"1440",1440,"United Arab Emirates",2021,"ODI","male",NA,2,2
"1441",1441,"United States of America",2020,"ODI","male",NA,4,4
"1442",1442,"United States of America",2021,"T20","female",NA,2,2
"1443",1443,"Vanuatu",2019,"T20","male",NA,9,9
"1444",1444,"West Indies",2006,"T20","male",NA,1,1
"1445",1445,"West Indies",2007,"T20","male",NA,5,5
"1446",1446,"West Indies",2009,"ODI","female",NA,1,1
"1447",1447,"West Indies",2009,"T20","female",NA,1,1
"1448",1448,"West Indies",2012,"T20","female",NA,5,5
"1449",1449,"West Indies",2013,"ODI","female",NA,3,3
"1450",1450,"West Indies",2014,"ODI","female",NA,4,4
"1451",1451,"West Indies",2014,"T20","female",NA,2,2
"1452",1452,"West Indies",2015,"T20","male",NA,4,4
"1453",1453,"West Indies",2016,"ODI","female",NA,3,3
"1454",1454,"West Indies",2016,"T20","female",NA,8,8
"1455",1455,"West Indies",2016,"T20","male",NA,9,9
"1456",1456,"West Indies",2017,"ODI","female",NA,7,7
"1457",1457,"West Indies",2020,"Test","male",NA,5,5
"1458",1458,"West Indies",2022,"Test","male",NA,7,7
"1459",1459,"Zimbabwe",2006,"ODI","male",NA,15,15
"1460",1460,"Zimbabwe",2007,"T20","male",NA,2,2
"1461",1461,"Zimbabwe",2008,"ODI","male",NA,4,4
"1462",1462,"Zimbabwe",2010,"T20","male",NA,5,5
"1463",1463,"Zimbabwe",2012,"ODI","male",NA,3,3
"1464",1464,"Zimbabwe",2012,"T20","male",NA,4,4
"1465",1465,"Zimbabwe",2012,"Test","male",NA,1,1
"1466",1466,"Zimbabwe",2013,"Test","male",NA,2,2
"1467",1467,"Zimbabwe",2014,"Test","male",NA,3,3
"1468",1468,"Zimbabwe",2016,"T20","male",NA,7,7
"1469",1469,"Zimbabwe",2017,"ODI","male",NA,5,5
"1470",1470,"Zimbabwe",2018,"Test","male",NA,1,1
"1471",1471,"Zimbabwe",2019,"T20","male",NA,12,12
"1472",1472,"Zimbabwe",2020,"ODI","male",NA,3,3
"1473",1473,"Zimbabwe",2020,"T20","male",NA,2,2
